{
    "object1_pick": {
        "X": 0.0,
        "Y": -648.0,
        "Z": 17.599999999999998,
        "T0_E": -1.2600000000000002,
        "T1_E": 5.199999999999999
    },
    "object1_height": {
        "X": 0.0,
        "Y": -432.0,
        "Z": 11.0,
        "T0_E": -1.2600000000000002,
        "T1_E": 5.199999999999999
    },
    "object1_place": {
        "X": 0.0,
        "Y": -648.0,
        "Z": 17.599999999999998,
        "T0_E": -1.2600000000000002,
        "T1_E": 0.0
    },

    "object2_pick": {
        "X": 0.0,
        "Y": -720.0,
        "Z": 15.399999999999999,
        "T0_E": -3.78,
        "T1_E": -5.199999999999999
    },
    "object2_height": {
        "X": 0.0,
        "Y": -576.0,
        "Z": 11.0,
        "T0_E": -2.1,
        "T1_E": -5.199999999999999
    },

    "object2_place": {
        "X": 0.0,
        "Y": -720.0,
        "Z": 15.399999999999999,
        "T0_E": -3.78,
        "T1_E": -2.1
    }
}